{"v":"5.5.7","meta":{"g":"LottieFiles AE 0.1.20","a":"","k":"","d":"","tc":""},"fr":30.0000305175781,"ip":0,"op":181.000184122721,"w":800,"h":600,"nm":"Corona Virus Scaled","ddd":0,"assets":[{"id":"comp_0","layers":[{"ddd":0,"ind":1,"ty":0,"nm":"Pulsing body MAsk","td":1,"refId":"comp_1","sr":1,"ks":{"o":{"a":0,"k":100,"ix":11},"r":{"a":0,"k":0,"ix":10},"p":{"a":0,"k":[400,300,0],"ix":2},"a":{"a":0,"k":[400,300,0],"ix":1},"s":{"a":0,"k":[100,100,100],"ix":6}},"ao":0,"w":800,"h":600,"ip":0,"op":182.000185139974,"st":0,"bm":0},{"ddd":0,"ind":2,"ty":0,"nm":"Pulsing body","tt":1,"refId":"comp_3","sr":1,"ks":{"o":{"a":0,"k":100,"ix":11},"r":{"a":0,"k":0,"ix":10},"p":{"a":0,"k":[400,300,0],"ix":2},"a":{"a":0,"k":[400,300,0],"ix":1},"s":{"a":0,"k":[100,100,100],"ix":6}},"ao":0,"w":800,"h":600,"ip":0,"op":181.000184122721,"st":0,"bm":0},{"ddd":0,"ind":3,"ty":4,"nm":"Layer 10","sr":1,"ks":{"o":{"a":0,"k":100,"ix":11},"r":{"a":0,"k":320,"ix":10},"p":{"a":0,"k":[400,300,0],"ix":2},"a":{"a":1,"k":[{"i":{"x":0.13,"y":1},"o":{"x":0.87,"y":0},"t":-7,"s":[0,-129.163,0],"to":[0,0,0],"ti":[0,0,0]},{"i":{"x":0.13,"y":1},"o":{"x":0.87,"y":0},"t":7,"s":[0,-107.163,0],"to":[0,0,0],"ti":[0,0,0]},{"t":23.0000233968099,"s":[0,-129.163,0]}],"ix":1,"x":"var $bm_rt;\n$bm_rt = loopOut('cycle');"},"s":{"a":0,"k":[100,100,100],"ix":6}},"ao":0,"shapes":[{"ty":"gr","it":[{"ind":0,"ty":"sh","ix":1,"ks":{"a":0,"k":{"i":[[0,-6.676],[-8.477,0],[0,8.346],[6.099,1.999],[0,0],[0,0],[0,0]],"o":[[0,8.346],[8.477,0],[0,-6.676],[0,0],[0,0],[0,0],[-6.099,1.999]],"v":[[-15.349,14.051],[0,29.163],[15.349,14.051],[4.847,-0.279],[4.847,-29.163],[-4.847,-29.163],[-4.847,-0.279]],"c":true},"ix":2},"nm":"Path 1","mn":"ADBE Vector Shape - Group","hd":false},{"ty":"fl","c":{"a":0,"k":[0.411764711142,0.705882370472,0.176470592618,1],"ix":4},"o":{"a":0,"k":100,"ix":5},"r":1,"bm":0,"nm":"Fill 1","mn":"ADBE Vector Graphic - Fill","hd":false},{"ty":"tr","p":{"a":0,"k":[0,0],"ix":2},"a":{"a":0,"k":[0,0],"ix":1},"s":{"a":0,"k":[100,100],"ix":3},"r":{"a":0,"k":0,"ix":6},"o":{"a":0,"k":100,"ix":7},"sk":{"a":0,"k":0,"ix":4},"sa":{"a":0,"k":0,"ix":5},"nm":"Transform"}],"nm":"Group 1","np":2,"cix":2,"bm":0,"ix":1,"mn":"ADBE Vector Group","hd":false}],"ip":0,"op":181.000184122721,"st":-7.00000712076823,"bm":0},{"ddd":0,"ind":4,"ty":4,"nm":"Layer 9","sr":1,"ks":{"o":{"a":0,"k":100,"ix":11},"r":{"a":0,"k":260,"ix":10},"p":{"a":0,"k":[400,300,0],"ix":2},"a":{"a":1,"k":[{"i":{"x":0.13,"y":1},"o":{"x":0.87,"y":0},"t":0,"s":[0,-129.163,0],"to":[0,0,0],"ti":[0,0,0]},{"i":{"x":0.13,"y":1},"o":{"x":0.87,"y":0},"t":14,"s":[0,-107.163,0],"to":[0,0,0],"ti":[0,0,0]},{"t":30.0000305175781,"s":[0,-129.163,0]}],"ix":1,"x":"var $bm_rt;\n$bm_rt = loopOut('cycle');"},"s":{"a":0,"k":[100,100,100],"ix":6}},"ao":0,"shapes":[{"ty":"gr","it":[{"ind":0,"ty":"sh","ix":1,"ks":{"a":0,"k":{"i":[[0,-6.676],[-8.477,0],[0,8.346],[6.099,1.999],[0,0],[0,0],[0,0]],"o":[[0,8.346],[8.477,0],[0,-6.676],[0,0],[0,0],[0,0],[-6.099,1.999]],"v":[[-15.349,14.051],[0,29.163],[15.349,14.051],[4.847,-0.279],[4.847,-29.163],[-4.847,-29.163],[-4.847,-0.279]],"c":true},"ix":2},"nm":"Path 1","mn":"ADBE Vector Shape - Group","hd":false},{"ty":"fl","c":{"a":0,"k":[0.411764711142,0.705882370472,0.176470592618,1],"ix":4},"o":{"a":0,"k":100,"ix":5},"r":1,"bm":0,"nm":"Fill 1","mn":"ADBE Vector Graphic - Fill","hd":false},{"ty":"tr","p":{"a":0,"k":[0,0],"ix":2},"a":{"a":0,"k":[0,0],"ix":1},"s":{"a":0,"k":[100,100],"ix":3},"r":{"a":0,"k":0,"ix":6},"o":{"a":0,"k":100,"ix":7},"sk":{"a":0,"k":0,"ix":4},"sa":{"a":0,"k":0,"ix":5},"nm":"Transform"}],"nm":"Group 1","np":2,"cix":2,"bm":0,"ix":1,"mn":"ADBE Vector Group","hd":false}],"ip":0,"op":181.000184122721,"st":0,"bm":0},{"ddd":0,"ind":5,"ty":4,"nm":"Layer 8","sr":1,"ks":{"o":{"a":0,"k":100,"ix":11},"r":{"a":0,"k":160,"ix":10},"p":{"a":0,"k":[400,300,0],"ix":2},"a":{"a":1,"k":[{"i":{"x":0.13,"y":1},"o":{"x":0.87,"y":0},"t":-32,"s":[0,-129.163,0],"to":[0,0,0],"ti":[0,0,0]},{"i":{"x":0.13,"y":1},"o":{"x":0.87,"y":0},"t":-18,"s":[0,-107.163,0],"to":[0,0,0],"ti":[0,0,0]},{"t":-2.00000203450521,"s":[0,-129.163,0]}],"ix":1,"x":"var $bm_rt;\n$bm_rt = loopOut('cycle');"},"s":{"a":0,"k":[100,100,100],"ix":6}},"ao":0,"shapes":[{"ty":"gr","it":[{"ind":0,"ty":"sh","ix":1,"ks":{"a":0,"k":{"i":[[0,-6.676],[-8.477,0],[0,8.346],[6.099,1.999],[0,0],[0,0],[0,0]],"o":[[0,8.346],[8.477,0],[0,-6.676],[0,0],[0,0],[0,0],[-6.099,1.999]],"v":[[-15.349,14.051],[0,29.163],[15.349,14.051],[4.847,-0.279],[4.847,-29.163],[-4.847,-29.163],[-4.847,-0.279]],"c":true},"ix":2},"nm":"Path 1","mn":"ADBE Vector Shape - Group","hd":false},{"ty":"fl","c":{"a":0,"k":[0.411764711142,0.705882370472,0.176470592618,1],"ix":4},"o":{"a":0,"k":100,"ix":5},"r":1,"bm":0,"nm":"Fill 1","mn":"ADBE Vector Graphic - Fill","hd":false},{"ty":"tr","p":{"a":0,"k":[0,0],"ix":2},"a":{"a":0,"k":[0,0],"ix":1},"s":{"a":0,"k":[100,100],"ix":3},"r":{"a":0,"k":0,"ix":6},"o":{"a":0,"k":100,"ix":7},"sk":{"a":0,"k":0,"ix":4},"sa":{"a":0,"k":0,"ix":5},"nm":"Transform"}],"nm":"Group 1","np":2,"cix":2,"bm":0,"ix":1,"mn":"ADBE Vector Group","hd":false}],"ip":0,"op":181.000184122721,"st":-32.0000325520833,"bm":0},{"ddd":0,"ind":6,"ty":4,"nm":"Layer 12","sr":1,"ks":{"o":{"a":0,"k":100,"ix":11},"r":{"a":0,"k":93,"ix":10},"p":{"a":0,"k":[400,300,0],"ix":2},"a":{"a":1,"k":[{"i":{"x":0.13,"y":1},"o":{"x":0.87,"y":0},"t":-18,"s":[0,-129.163,0],"to":[0,0,0],"ti":[0,0,0]},{"i":{"x":0.13,"y":1},"o":{"x":0.87,"y":0},"t":-4,"s":[0,-107.163,0],"to":[0,0,0],"ti":[0,0,0]},{"t":12.0000122070313,"s":[0,-129.163,0]}],"ix":1,"x":"var $bm_rt;\n$bm_rt = loopOut('cycle');"},"s":{"a":0,"k":[100,100,100],"ix":6}},"ao":0,"shapes":[{"ty":"gr","it":[{"ind":0,"ty":"sh","ix":1,"ks":{"a":0,"k":{"i":[[0,-6.676],[-8.477,0],[0,8.346],[6.099,1.999],[0,0],[0,0],[0,0]],"o":[[0,8.346],[8.477,0],[0,-6.676],[0,0],[0,0],[0,0],[-6.099,1.999]],"v":[[-15.349,14.051],[0,29.163],[15.349,14.051],[4.847,-0.279],[4.847,-29.163],[-4.847,-29.163],[-4.847,-0.279]],"c":true},"ix":2},"nm":"Path 1","mn":"ADBE Vector Shape - Group","hd":false},{"ty":"fl","c":{"a":0,"k":[0.411764711142,0.705882370472,0.176470592618,1],"ix":4},"o":{"a":0,"k":100,"ix":5},"r":1,"bm":0,"nm":"Fill 1","mn":"ADBE Vector Graphic - Fill","hd":false},{"ty":"tr","p":{"a":0,"k":[0,0],"ix":2},"a":{"a":0,"k":[0,0],"ix":1},"s":{"a":0,"k":[100,100],"ix":3},"r":{"a":0,"k":0,"ix":6},"o":{"a":0,"k":100,"ix":7},"sk":{"a":0,"k":0,"ix":4},"sa":{"a":0,"k":0,"ix":5},"nm":"Transform"}],"nm":"Group 1","np":2,"cix":2,"bm":0,"ix":1,"mn":"ADBE Vector Group","hd":false}],"ip":0,"op":181.000184122721,"st":-18.0000183105469,"bm":0},{"ddd":0,"ind":7,"ty":4,"nm":"Layer 7","sr":1,"ks":{"o":{"a":0,"k":100,"ix":11},"r":{"a":0,"k":23,"ix":10},"p":{"a":0,"k":[400,300,0],"ix":2},"a":{"a":1,"k":[{"i":{"x":0.13,"y":1},"o":{"x":0.87,"y":0},"t":-11,"s":[0,-129.163,0],"to":[0,0,0],"ti":[0,0,0]},{"i":{"x":0.13,"y":1},"o":{"x":0.87,"y":0},"t":3,"s":[0,-107.163,0],"to":[0,0,0],"ti":[0,0,0]},{"t":19.0000193277995,"s":[0,-129.163,0]}],"ix":1,"x":"var $bm_rt;\n$bm_rt = loopOut('cycle');"},"s":{"a":0,"k":[100,100,100],"ix":6}},"ao":0,"shapes":[{"ty":"gr","it":[{"ind":0,"ty":"sh","ix":1,"ks":{"a":0,"k":{"i":[[0,-6.676],[-8.477,0],[0,8.346],[6.099,1.999],[0,0],[0,0],[0,0]],"o":[[0,8.346],[8.477,0],[0,-6.676],[0,0],[0,0],[0,0],[-6.099,1.999]],"v":[[-15.349,14.051],[0,29.163],[15.349,14.051],[4.847,-0.279],[4.847,-29.163],[-4.847,-29.163],[-4.847,-0.279]],"c":true},"ix":2},"nm":"Path 1","mn":"ADBE Vector Shape - Group","hd":false},{"ty":"fl","c":{"a":0,"k":[0.411764711142,0.705882370472,0.176470592618,1],"ix":4},"o":{"a":0,"k":100,"ix":5},"r":1,"bm":0,"nm":"Fill 1","mn":"ADBE Vector Graphic - Fill","hd":false},{"ty":"tr","p":{"a":0,"k":[0,0],"ix":2},"a":{"a":0,"k":[0,0],"ix":1},"s":{"a":0,"k":[100,100],"ix":3},"r":{"a":0,"k":0,"ix":6},"o":{"a":0,"k":100,"ix":7},"sk":{"a":0,"k":0,"ix":4},"sa":{"a":0,"k":0,"ix":5},"nm":"Transform"}],"nm":"Group 1","np":2,"cix":2,"bm":0,"ix":1,"mn":"ADBE Vector Group","hd":false}],"ip":-11.0000111897786,"op":181.000184122721,"st":-11.0000111897786,"bm":0},{"ddd":0,"ind":8,"ty":4,"nm":"Layer 2","sr":1,"ks":{"o":{"a":0,"k":100,"ix":11},"r":{"a":0,"k":-9,"ix":10},"p":{"a":0,"k":[400,300,0],"ix":2},"a":{"a":1,"k":[{"i":{"x":0.13,"y":1},"o":{"x":0.87,"y":0},"t":0,"s":[0,-129.163,0],"to":[0,0,0],"ti":[0,0,0]},{"i":{"x":0.13,"y":1},"o":{"x":0.87,"y":0},"t":14,"s":[0,-107.163,0],"to":[0,0,0],"ti":[0,0,0]},{"t":30.0000305175781,"s":[0,-129.163,0]}],"ix":1,"x":"var $bm_rt;\n$bm_rt = loopOut('cycle');"},"s":{"a":0,"k":[100,100,100],"ix":6}},"ao":0,"shapes":[{"ty":"gr","it":[{"ind":0,"ty":"sh","ix":1,"ks":{"a":0,"k":{"i":[[0,-6.676],[-8.477,0],[0,8.346],[6.099,1.999],[0,0],[0,0],[0,0]],"o":[[0,8.346],[8.477,0],[0,-6.676],[0,0],[0,0],[0,0],[-6.099,1.999]],"v":[[-15.349,14.051],[0,29.163],[15.349,14.051],[4.847,-0.279],[4.847,-29.163],[-4.847,-29.163],[-4.847,-0.279]],"c":true},"ix":2},"nm":"Path 1","mn":"ADBE Vector Shape - Group","hd":false},{"ty":"fl","c":{"a":0,"k":[0.411764711142,0.705882370472,0.176470592618,1],"ix":4},"o":{"a":0,"k":100,"ix":5},"r":1,"bm":0,"nm":"Fill 1","mn":"ADBE Vector Graphic - Fill","hd":false},{"ty":"tr","p":{"a":0,"k":[0,0],"ix":2},"a":{"a":0,"k":[0,0],"ix":1},"s":{"a":0,"k":[100,100],"ix":3},"r":{"a":0,"k":0,"ix":6},"o":{"a":0,"k":100,"ix":7},"sk":{"a":0,"k":0,"ix":4},"sa":{"a":0,"k":0,"ix":5},"nm":"Transform"}],"nm":"Group 1","np":2,"cix":2,"bm":0,"ix":1,"mn":"ADBE Vector Group","hd":false}],"ip":0,"op":181.000184122721,"st":0,"bm":0},{"ddd":0,"ind":9,"ty":4,"nm":"Layer 6","sr":1,"ks":{"o":{"a":0,"k":100,"ix":11},"r":{"a":0,"k":-121,"ix":10},"p":{"a":0,"k":[400,300,0],"ix":2},"a":{"a":1,"k":[{"i":{"x":0.338,"y":1},"o":{"x":0.662,"y":0},"t":-36,"s":[0,132.232,0],"to":[0,0,0],"ti":[0,0,0]},{"i":{"x":0.338,"y":1},"o":{"x":0.662,"y":0},"t":-22,"s":[0,114.232,0],"to":[0,0,0],"ti":[0,0,0]},{"t":-6.00000610351563,"s":[0,132.232,0]}],"ix":1,"x":"var $bm_rt;\n$bm_rt = loopOut('cycle');"},"s":{"a":0,"k":[100,100,100],"ix":6}},"ao":0,"shapes":[{"ty":"gr","it":[{"ind":0,"ty":"sh","ix":1,"ks":{"a":0,"k":{"i":[[0,9.352],[11.868,0],[0,-10.902],[-9.505,-2.038],[0,0],[0,0],[0,0]],"o":[[0,-10.902],[-11.868,0],[0,9.352],[0,0],[0,0],[0,0],[9.505,-2.038]],"v":[[22.001,-10.435],[0.513,-30.174],[-20.975,-10.435],[-4.383,8.77],[-4.383,34.291],[5.409,34.291],[5.409,8.77]],"c":true},"ix":2},"nm":"Path 1","mn":"ADBE Vector Shape - Group","hd":false},{"ty":"fl","c":{"a":0,"k":[0.411764711142,0.705882370472,0.176470592618,1],"ix":4},"o":{"a":0,"k":100,"ix":5},"r":1,"bm":0,"nm":"Fill 1","mn":"ADBE Vector Graphic - Fill","hd":false},{"ty":"tr","p":{"a":0,"k":[0,0],"ix":2},"a":{"a":0,"k":[0,0],"ix":1},"s":{"a":0,"k":[100,100],"ix":3},"r":{"a":0,"k":0,"ix":6},"o":{"a":0,"k":100,"ix":7},"sk":{"a":0,"k":0,"ix":4},"sa":{"a":0,"k":0,"ix":5},"nm":"Transform"}],"nm":"Group 1","np":2,"cix":2,"bm":0,"ix":1,"mn":"ADBE Vector Group","hd":false}],"ip":0,"op":181.000184122721,"st":-36.0000366210937,"bm":0},{"ddd":0,"ind":10,"ty":4,"nm":"Layer 11","sr":1,"ks":{"o":{"a":0,"k":100,"ix":11},"r":{"a":0,"k":-250,"ix":10},"p":{"a":0,"k":[400,300,0],"ix":2},"a":{"a":1,"k":[{"i":{"x":0.338,"y":1},"o":{"x":0.662,"y":0},"t":-34,"s":[0,132.232,0],"to":[0,0,0],"ti":[0,0,0]},{"i":{"x":0.338,"y":1},"o":{"x":0.662,"y":0},"t":-20,"s":[0,114.232,0],"to":[0,0,0],"ti":[0,0,0]},{"t":-4.00000406901042,"s":[0,132.232,0]}],"ix":1,"x":"var $bm_rt;\n$bm_rt = loopOut('cycle');"},"s":{"a":0,"k":[100,100,100],"ix":6}},"ao":0,"shapes":[{"ty":"gr","it":[{"ind":0,"ty":"sh","ix":1,"ks":{"a":0,"k":{"i":[[0,9.352],[11.868,0],[0,-10.902],[-9.505,-2.038],[0,0],[0,0],[0,0]],"o":[[0,-10.902],[-11.868,0],[0,9.352],[0,0],[0,0],[0,0],[9.505,-2.038]],"v":[[21.488,-12.493],[0,-32.232],[-21.488,-12.493],[-4.896,6.712],[-4.896,32.232],[4.896,32.232],[4.896,6.712]],"c":true},"ix":2},"nm":"Path 1","mn":"ADBE Vector Shape - Group","hd":false},{"ty":"fl","c":{"a":0,"k":[0.411764711142,0.705882370472,0.176470592618,1],"ix":4},"o":{"a":0,"k":100,"ix":5},"r":1,"bm":0,"nm":"Fill 1","mn":"ADBE Vector Graphic - Fill","hd":false},{"ty":"tr","p":{"a":0,"k":[0,0],"ix":2},"a":{"a":0,"k":[0,0],"ix":1},"s":{"a":0,"k":[100,100],"ix":3},"r":{"a":0,"k":0,"ix":6},"o":{"a":0,"k":100,"ix":7},"sk":{"a":0,"k":0,"ix":4},"sa":{"a":0,"k":0,"ix":5},"nm":"Transform"}],"nm":"Group 1","np":2,"cix":2,"bm":0,"ix":1,"mn":"ADBE Vector Group","hd":false}],"ip":0,"op":181.000184122721,"st":-34.0000345865885,"bm":0},{"ddd":0,"ind":11,"ty":4,"nm":"Layer 5","sr":1,"ks":{"o":{"a":0,"k":100,"ix":11},"r":{"a":0,"k":-51,"ix":10},"p":{"a":0,"k":[400,300,0],"ix":2},"a":{"a":1,"k":[{"i":{"x":0.338,"y":1},"o":{"x":0.662,"y":0},"t":-30,"s":[0,132.232,0],"to":[0,0,0],"ti":[0,0,0]},{"i":{"x":0.338,"y":1},"o":{"x":0.662,"y":0},"t":-16,"s":[0,114.232,0],"to":[0,0,0],"ti":[0,0,0]},{"t":0,"s":[0,132.232,0]}],"ix":1,"x":"var $bm_rt;\n$bm_rt = loopOut('cycle');"},"s":{"a":0,"k":[100,100,100],"ix":6}},"ao":0,"shapes":[{"ty":"gr","it":[{"ind":0,"ty":"sh","ix":1,"ks":{"a":0,"k":{"i":[[0,9.352],[11.868,0],[0,-10.902],[-9.505,-2.038],[0,0],[0,0],[0,0]],"o":[[0,-10.902],[-11.868,0],[0,9.352],[0,0],[0,0],[0,0],[9.505,-2.038]],"v":[[21.488,-12.493],[0,-32.232],[-21.488,-12.493],[-4.896,6.712],[-4.896,32.232],[4.896,32.232],[4.896,6.712]],"c":true},"ix":2},"nm":"Path 1","mn":"ADBE Vector Shape - Group","hd":false},{"ty":"fl","c":{"a":0,"k":[0.411764711142,0.705882370472,0.176470592618,1],"ix":4},"o":{"a":0,"k":100,"ix":5},"r":1,"bm":0,"nm":"Fill 1","mn":"ADBE Vector Graphic - Fill","hd":false},{"ty":"tr","p":{"a":0,"k":[0,0],"ix":2},"a":{"a":0,"k":[0,0],"ix":1},"s":{"a":0,"k":[100,100],"ix":3},"r":{"a":0,"k":0,"ix":6},"o":{"a":0,"k":100,"ix":7},"sk":{"a":0,"k":0,"ix":4},"sa":{"a":0,"k":0,"ix":5},"nm":"Transform"}],"nm":"Group 1","np":2,"cix":2,"bm":0,"ix":1,"mn":"ADBE Vector Group","hd":false}],"ip":0,"op":181.000184122721,"st":-30.0000305175781,"bm":0},{"ddd":0,"ind":12,"ty":4,"nm":"Layer 4","sr":1,"ks":{"o":{"a":0,"k":100,"ix":11},"r":{"a":0,"k":42,"ix":10},"p":{"a":0,"k":[400,300,0],"ix":2},"a":{"a":1,"k":[{"i":{"x":0.338,"y":1},"o":{"x":0.662,"y":0},"t":-20,"s":[0,132.232,0],"to":[0,0,0],"ti":[0,0,0]},{"i":{"x":0.338,"y":1},"o":{"x":0.662,"y":0},"t":-6,"s":[0,114.232,0],"to":[0,0,0],"ti":[0,0,0]},{"t":10.000010172526,"s":[0,132.232,0]}],"ix":1,"x":"var $bm_rt;\n$bm_rt = loopOut('cycle');"},"s":{"a":0,"k":[100,100,100],"ix":6}},"ao":0,"shapes":[{"ty":"gr","it":[{"ind":0,"ty":"sh","ix":1,"ks":{"a":0,"k":{"i":[[0,9.352],[11.868,0],[0,-10.902],[-9.505,-2.038],[0,0],[0,0],[0,0]],"o":[[0,-10.902],[-11.868,0],[0,9.352],[0,0],[0,0],[0,0],[9.505,-2.038]],"v":[[21.488,-12.493],[0,-32.232],[-21.488,-12.493],[-4.896,6.712],[-4.896,32.232],[4.896,32.232],[4.896,6.712]],"c":true},"ix":2},"nm":"Path 1","mn":"ADBE Vector Shape - Group","hd":false},{"ty":"fl","c":{"a":0,"k":[0.411764711142,0.705882370472,0.176470592618,1],"ix":4},"o":{"a":0,"k":100,"ix":5},"r":1,"bm":0,"nm":"Fill 1","mn":"ADBE Vector Graphic - Fill","hd":false},{"ty":"tr","p":{"a":0,"k":[0,0],"ix":2},"a":{"a":0,"k":[0,0],"ix":1},"s":{"a":0,"k":[100,100],"ix":3},"r":{"a":0,"k":0,"ix":6},"o":{"a":0,"k":100,"ix":7},"sk":{"a":0,"k":0,"ix":4},"sa":{"a":0,"k":0,"ix":5},"nm":"Transform"}],"nm":"Group 1","np":2,"cix":2,"bm":0,"ix":1,"mn":"ADBE Vector Group","hd":false}],"ip":0,"op":181.000184122721,"st":-20.0000203450521,"bm":0},{"ddd":0,"ind":14,"ty":4,"nm":"Layer 1","sr":1,"ks":{"o":{"a":0,"k":100,"ix":11},"r":{"a":0,"k":15,"ix":10},"p":{"a":0,"k":[400,300,0],"ix":2},"a":{"a":1,"k":[{"i":{"x":0.338,"y":1},"o":{"x":0.662,"y":0},"t":-6,"s":[0,132.232,0],"to":[0,0,0],"ti":[0,0,0]},{"i":{"x":0.338,"y":1},"o":{"x":0.662,"y":0},"t":8,"s":[0,114.232,0],"to":[0,0,0],"ti":[0,0,0]},{"t":24.0000244140625,"s":[0,132.232,0]}],"ix":1,"x":"var $bm_rt;\n$bm_rt = loopOut('cycle');"},"s":{"a":0,"k":[100,100,100],"ix":6}},"ao":0,"shapes":[{"ty":"gr","it":[{"ind":0,"ty":"sh","ix":1,"ks":{"a":0,"k":{"i":[[0,9.352],[11.868,0],[0,-10.902],[-9.505,-2.038],[0,0],[0,0],[0,0]],"o":[[0,-10.902],[-11.868,0],[0,9.352],[0,0],[0,0],[0,0],[9.505,-2.038]],"v":[[21.299,-9.336],[-0.189,-29.076],[-21.678,-9.336],[-5.086,9.868],[-5.086,35.389],[4.707,35.389],[4.707,9.868]],"c":true},"ix":2},"nm":"Path 1","mn":"ADBE Vector Shape - Group","hd":false},{"ty":"fl","c":{"a":0,"k":[0.411764711142,0.705882370472,0.176470592618,1],"ix":4},"o":{"a":0,"k":100,"ix":5},"r":1,"bm":0,"nm":"Fill 1","mn":"ADBE Vector Graphic - Fill","hd":false},{"ty":"tr","p":{"a":0,"k":[0,0],"ix":2},"a":{"a":0,"k":[0,0],"ix":1},"s":{"a":0,"k":[100,100],"ix":3},"r":{"a":0,"k":0,"ix":6},"o":{"a":0,"k":100,"ix":7},"sk":{"a":0,"k":0,"ix":4},"sa":{"a":0,"k":0,"ix":5},"nm":"Transform"}],"nm":"Group 1","np":2,"cix":2,"bm":0,"ix":1,"mn":"ADBE Vector Group","hd":false}],"ip":0,"op":181.000184122721,"st":-6.00000610351563,"bm":0}]},{"id":"comp_1","layers":[{"ddd":0,"ind":1,"ty":0,"nm":"Pulsing blobs","td":1,"refId":"comp_2","sr":1,"ks":{"o":{"a":0,"k":100,"ix":11},"r":{"a":0,"k":0,"ix":10},"p":{"a":0,"k":[400,300,0],"ix":2},"a":{"a":0,"k":[400,300,0],"ix":1},"s":{"a":0,"k":[100,100,100],"ix":6}},"ao":0,"w":800,"h":600,"ip":0,"op":182.000185139974,"st":0,"bm":0},{"ddd":0,"ind":2,"ty":4,"nm":"Layer 3","tt":2,"sr":1,"ks":{"o":{"a":0,"k":100,"ix":11},"r":{"a":0,"k":0,"ix":10},"p":{"a":0,"k":[400,300,0],"ix":2},"a":{"a":0,"k":[0,0,0],"ix":1},"s":{"a":1,"k":[{"i":{"x":[0.686,0.686,0.686],"y":[1,1,1]},"o":{"x":[0.314,0.314,0.314],"y":[0,0,0]},"t":0,"s":[100,100,100]},{"i":{"x":[0.686,0.686,0.686],"y":[1,1,1]},"o":{"x":[0.314,0.314,0.314],"y":[0,0,0]},"t":15,"s":[110,110,100]},{"t":60.0000610351563,"s":[100,100,100]}],"ix":6,"x":"var $bm_rt;\n$bm_rt = loopOut('cycle');"}},"ao":0,"shapes":[{"ty":"gr","it":[{"d":1,"ty":"el","s":{"a":0,"k":[200,200],"ix":2},"p":{"a":0,"k":[0,0],"ix":3},"nm":"Ellipse Path 1","mn":"ADBE Vector Shape - Ellipse","hd":false},{"ty":"fl","c":{"a":0,"k":[0.411764711142,0.705882370472,0.176470592618,1],"ix":4},"o":{"a":0,"k":100,"ix":5},"r":1,"bm":0,"nm":"Fill 1","mn":"ADBE Vector Graphic - Fill","hd":false},{"ty":"tr","p":{"a":0,"k":[0,0],"ix":2},"a":{"a":0,"k":[0,0],"ix":1},"s":{"a":0,"k":[100,100],"ix":3},"r":{"a":0,"k":0,"ix":6},"o":{"a":0,"k":100,"ix":7},"sk":{"a":0,"k":0,"ix":4},"sa":{"a":0,"k":0,"ix":5},"nm":"Transform"}],"nm":"Group 1","np":2,"cix":2,"bm":0,"ix":1,"mn":"ADBE Vector Group","hd":false}],"ip":0,"op":182.000185139974,"st":0,"bm":0}]},{"id":"comp_2","layers":[{"ddd":0,"ind":1,"ty":4,"nm":"Shape Layer 3","sr":1,"ks":{"o":{"a":0,"k":100,"ix":11},"r":{"a":0,"k":0,"ix":10},"p":{"a":0,"k":[447.5,272.5,0],"ix":2},"a":{"a":0,"k":[-342.5,189.5,0],"ix":1},"s":{"a":0,"k":[100,100,100],"ix":6}},"ao":0,"shapes":[{"ty":"gr","it":[{"d":1,"ty":"el","s":{"a":1,"k":[{"i":{"x":[0.686,0.686],"y":[1,1]},"o":{"x":[0.314,0.314],"y":[0,0]},"t":-37,"s":[35,35]},{"i":{"x":[0.686,0.686],"y":[1,1]},"o":{"x":[0.314,0.314],"y":[0,0]},"t":-17,"s":[42,42]},{"t":23.0000233968099,"s":[35,35]}],"ix":2,"x":"var $bm_rt;\n$bm_rt = loopOut('cycle');"},"p":{"a":0,"k":[0,0],"ix":3},"nm":"Ellipse Path 1","mn":"ADBE Vector Shape - Ellipse","hd":false},{"ty":"st","c":{"a":0,"k":[0.960784014534,0.960784014534,0.960784014534,1],"ix":3},"o":{"a":0,"k":100,"ix":4},"w":{"a":0,"k":8,"ix":5},"lc":1,"lj":1,"ml":4,"bm":0,"nm":"Stroke 1","mn":"ADBE Vector Graphic - Stroke","hd":false},{"ty":"tr","p":{"a":0,"k":[-342.5,189.5],"ix":2},"a":{"a":0,"k":[0,0],"ix":1},"s":{"a":0,"k":[100,100],"ix":3},"r":{"a":0,"k":0,"ix":6},"o":{"a":0,"k":100,"ix":7},"sk":{"a":0,"k":0,"ix":4},"sa":{"a":0,"k":0,"ix":5},"nm":"Transform"}],"nm":"Ellipse 1","np":3,"cix":2,"bm":0,"ix":1,"mn":"ADBE Vector Group","hd":false}],"ip":0,"op":240.000244140625,"st":-37.0000376383464,"bm":0},{"ddd":0,"ind":2,"ty":4,"nm":"Shape Layer 5","sr":1,"ks":{"o":{"a":0,"k":100,"ix":11},"r":{"a":0,"k":0,"ix":10},"p":{"a":0,"k":[404.273,303.273,0],"ix":2},"a":{"a":0,"k":[-342.5,189.5,0],"ix":1},"s":{"a":0,"k":[100,100,100],"ix":6}},"ao":0,"shapes":[{"ty":"gr","it":[{"d":1,"ty":"el","s":{"a":1,"k":[{"i":{"x":[0.686,0.686],"y":[1,1]},"o":{"x":[0.314,0.314],"y":[0,0]},"t":-30,"s":[23,23]},{"i":{"x":[0.686,0.686],"y":[1,1]},"o":{"x":[0.314,0.314],"y":[0,0]},"t":-20,"s":[30,30]},{"t":0,"s":[23,23]}],"ix":2,"x":"var $bm_rt;\n$bm_rt = loopOut('cycle');"},"p":{"a":0,"k":[0,0],"ix":3},"nm":"Ellipse Path 1","mn":"ADBE Vector Shape - Ellipse","hd":false},{"ty":"st","c":{"a":0,"k":[0.960784014534,0.960784014534,0.960784014534,1],"ix":3},"o":{"a":0,"k":100,"ix":4},"w":{"a":0,"k":8,"ix":5},"lc":1,"lj":1,"ml":4,"bm":0,"nm":"Stroke 1","mn":"ADBE Vector Graphic - Stroke","hd":false},{"ty":"tr","p":{"a":0,"k":[-342.5,189.5],"ix":2},"a":{"a":0,"k":[0,0],"ix":1},"s":{"a":0,"k":[100,100],"ix":3},"r":{"a":0,"k":0,"ix":6},"o":{"a":0,"k":100,"ix":7},"sk":{"a":0,"k":0,"ix":4},"sa":{"a":0,"k":0,"ix":5},"nm":"Transform"}],"nm":"Ellipse 1","np":3,"cix":2,"bm":0,"ix":1,"mn":"ADBE Vector Group","hd":false}],"ip":-17.0000172932943,"op":240.000244140625,"st":-30.0000305175781,"bm":0},{"ddd":0,"ind":3,"ty":4,"nm":"Shape Layer 6","sr":1,"ks":{"o":{"a":0,"k":100,"ix":11},"r":{"a":0,"k":0,"ix":10},"p":{"a":0,"k":[450.273,326.273,0],"ix":2},"a":{"a":0,"k":[-342.5,189.5,0],"ix":1},"s":{"a":0,"k":[100,100,100],"ix":6}},"ao":0,"shapes":[{"ty":"gr","it":[{"d":1,"ty":"el","s":{"a":1,"k":[{"i":{"x":[0.686,0.686],"y":[1,1]},"o":{"x":[0.314,0.314],"y":[0,0]},"t":-34,"s":[23,23]},{"i":{"x":[0.686,0.686],"y":[1,1]},"o":{"x":[0.314,0.314],"y":[0,0]},"t":-24,"s":[30,30]},{"t":-4.00000406901042,"s":[23,23]}],"ix":2,"x":"var $bm_rt;\n$bm_rt = loopOut('cycle');"},"p":{"a":0,"k":[0,0],"ix":3},"nm":"Ellipse Path 1","mn":"ADBE Vector Shape - Ellipse","hd":false},{"ty":"st","c":{"a":0,"k":[0.960784014534,0.960784014534,0.960784014534,1],"ix":3},"o":{"a":0,"k":100,"ix":4},"w":{"a":0,"k":8,"ix":5},"lc":1,"lj":1,"ml":4,"bm":0,"nm":"Stroke 1","mn":"ADBE Vector Graphic - Stroke","hd":false},{"ty":"tr","p":{"a":0,"k":[-342.5,189.5],"ix":2},"a":{"a":0,"k":[0,0],"ix":1},"s":{"a":0,"k":[100,100],"ix":3},"r":{"a":0,"k":0,"ix":6},"o":{"a":0,"k":100,"ix":7},"sk":{"a":0,"k":0,"ix":4},"sa":{"a":0,"k":0,"ix":5},"nm":"Transform"}],"nm":"Ellipse 1","np":3,"cix":2,"bm":0,"ix":1,"mn":"ADBE Vector Group","hd":false}],"ip":-21.0000213623047,"op":240.000244140625,"st":-34.0000345865885,"bm":0},{"ddd":0,"ind":4,"ty":4,"nm":"Shape Layer 4","sr":1,"ks":{"o":{"a":0,"k":100,"ix":11},"r":{"a":0,"k":0,"ix":10},"p":{"a":0,"k":[352.273,304.273,0],"ix":2},"a":{"a":0,"k":[-342.5,189.5,0],"ix":1},"s":{"a":0,"k":[100,100,100],"ix":6}},"ao":0,"shapes":[{"ty":"gr","it":[{"d":1,"ty":"el","s":{"a":1,"k":[{"i":{"x":[0.686,0.686],"y":[1,1]},"o":{"x":[0.314,0.314],"y":[0,0]},"t":-13,"s":[23,23]},{"i":{"x":[0.686,0.686],"y":[1,1]},"o":{"x":[0.314,0.314],"y":[0,0]},"t":-3,"s":[30,30]},{"t":17.0000172932943,"s":[23,23]}],"ix":2,"x":"var $bm_rt;\n$bm_rt = loopOut('cycle');"},"p":{"a":0,"k":[0,0],"ix":3},"nm":"Ellipse Path 1","mn":"ADBE Vector Shape - Ellipse","hd":false},{"ty":"st","c":{"a":0,"k":[0.960784014534,0.960784014534,0.960784014534,1],"ix":3},"o":{"a":0,"k":100,"ix":4},"w":{"a":0,"k":8,"ix":5},"lc":1,"lj":1,"ml":4,"bm":0,"nm":"Stroke 1","mn":"ADBE Vector Graphic - Stroke","hd":false},{"ty":"tr","p":{"a":0,"k":[-342.5,189.5],"ix":2},"a":{"a":0,"k":[0,0],"ix":1},"s":{"a":0,"k":[100,100],"ix":3},"r":{"a":0,"k":0,"ix":6},"o":{"a":0,"k":100,"ix":7},"sk":{"a":0,"k":0,"ix":4},"sa":{"a":0,"k":0,"ix":5},"nm":"Transform"}],"nm":"Ellipse 1","np":3,"cix":2,"bm":0,"ix":1,"mn":"ADBE Vector Group","hd":false}],"ip":0,"op":240.000244140625,"st":-13.0000132242839,"bm":0},{"ddd":0,"ind":5,"ty":4,"nm":"Shape Layer 2","sr":1,"ks":{"o":{"a":0,"k":100,"ix":11},"r":{"a":0,"k":0,"ix":10},"p":{"a":0,"k":[396.5,348.5,0],"ix":2},"a":{"a":0,"k":[-342.5,189.5,0],"ix":1},"s":{"a":0,"k":[100,100,100],"ix":6}},"ao":0,"shapes":[{"ty":"gr","it":[{"d":1,"ty":"el","s":{"a":1,"k":[{"i":{"x":[0.686,0.686],"y":[1,1]},"o":{"x":[0.314,0.314],"y":[0,0]},"t":-30,"s":[23,23]},{"i":{"x":[0.686,0.686],"y":[1,1]},"o":{"x":[0.314,0.314],"y":[0,0]},"t":-20,"s":[30,30]},{"t":0,"s":[23,23]}],"ix":2,"x":"var $bm_rt;\n$bm_rt = loopOut('cycle');"},"p":{"a":0,"k":[0,0],"ix":3},"nm":"Ellipse Path 1","mn":"ADBE Vector Shape - Ellipse","hd":false},{"ty":"st","c":{"a":0,"k":[0.960784014534,0.960784014534,0.960784014534,1],"ix":3},"o":{"a":0,"k":100,"ix":4},"w":{"a":0,"k":8,"ix":5},"lc":1,"lj":1,"ml":4,"bm":0,"nm":"Stroke 1","mn":"ADBE Vector Graphic - Stroke","hd":false},{"ty":"tr","p":{"a":0,"k":[-342.5,189.5],"ix":2},"a":{"a":0,"k":[0,0],"ix":1},"s":{"a":0,"k":[100,100],"ix":3},"r":{"a":0,"k":0,"ix":6},"o":{"a":0,"k":100,"ix":7},"sk":{"a":0,"k":0,"ix":4},"sa":{"a":0,"k":0,"ix":5},"nm":"Transform"}],"nm":"Ellipse 1","np":3,"cix":2,"bm":0,"ix":1,"mn":"ADBE Vector Group","hd":false}],"ip":-17.0000172932943,"op":240.000244140625,"st":-30.0000305175781,"bm":0},{"ddd":0,"ind":6,"ty":4,"nm":"Shape Layer 1","sr":1,"ks":{"o":{"a":0,"k":100,"ix":11},"r":{"a":0,"k":0,"ix":10},"p":{"a":0,"k":[382.5,255.5,0],"ix":2},"a":{"a":0,"k":[-342.5,189.5,0],"ix":1},"s":{"a":0,"k":[100,100,100],"ix":6}},"ao":0,"shapes":[{"ty":"gr","it":[{"d":1,"ty":"el","s":{"a":1,"k":[{"i":{"x":[0.686,0.686],"y":[1,1]},"o":{"x":[0.314,0.314],"y":[0,0]},"t":0,"s":[35,35]},{"i":{"x":[0.686,0.686],"y":[1,1]},"o":{"x":[0.314,0.314],"y":[0,0]},"t":19,"s":[42,42]},{"t":30.0000305175781,"s":[35,35]}],"ix":2,"x":"var $bm_rt;\n$bm_rt = loopOut('cycle');"},"p":{"a":0,"k":[0,0],"ix":3},"nm":"Ellipse Path 1","mn":"ADBE Vector Shape - Ellipse","hd":false},{"ty":"st","c":{"a":0,"k":[0.960784014534,0.960784014534,0.960784014534,1],"ix":3},"o":{"a":0,"k":100,"ix":4},"w":{"a":0,"k":8,"ix":5},"lc":1,"lj":1,"ml":4,"bm":0,"nm":"Stroke 1","mn":"ADBE Vector Graphic - Stroke","hd":false},{"ty":"tr","p":{"a":0,"k":[-342.5,189.5],"ix":2},"a":{"a":0,"k":[0,0],"ix":1},"s":{"a":0,"k":[100,100],"ix":3},"r":{"a":0,"k":0,"ix":6},"o":{"a":0,"k":100,"ix":7},"sk":{"a":0,"k":0,"ix":4},"sa":{"a":0,"k":0,"ix":5},"nm":"Transform"}],"nm":"Ellipse 1","np":3,"cix":2,"bm":0,"ix":1,"mn":"ADBE Vector Group","hd":false}],"ip":0,"op":240.000244140625,"st":0,"bm":0}]},{"id":"comp_3","layers":[{"ddd":0,"ind":1,"ty":4,"nm":"Layer 3","sr":1,"ks":{"o":{"a":0,"k":100,"ix":11},"r":{"a":0,"k":0,"ix":10},"p":{"a":0,"k":[400,300,0],"ix":2},"a":{"a":0,"k":[0,0,0],"ix":1},"s":{"a":1,"k":[{"i":{"x":[0.686,0.686,0.686],"y":[1,1,1]},"o":{"x":[0.314,0.314,0.314],"y":[0,0,0]},"t":0,"s":[100,100,100]},{"i":{"x":[0.686,0.686,0.686],"y":[1,1,1]},"o":{"x":[0.314,0.314,0.314],"y":[0,0,0]},"t":15,"s":[110,110,100]},{"t":60.0000610351563,"s":[100,100,100]}],"ix":6,"x":"var $bm_rt;\n$bm_rt = loopOut('cycle');"}},"ao":0,"shapes":[{"ty":"gr","it":[{"d":1,"ty":"el","s":{"a":0,"k":[200,200],"ix":2},"p":{"a":0,"k":[0,0],"ix":3},"nm":"Ellipse Path 1","mn":"ADBE Vector Shape - Ellipse","hd":false},{"ty":"fl","c":{"a":0,"k":[0.411764711142,0.705882370472,0.176470592618,1],"ix":4},"o":{"a":0,"k":100,"ix":5},"r":1,"bm":0,"nm":"Fill 1","mn":"ADBE Vector Graphic - Fill","hd":false},{"ty":"tr","p":{"a":0,"k":[0,0],"ix":2},"a":{"a":0,"k":[0,0],"ix":1},"s":{"a":0,"k":[100,100],"ix":3},"r":{"a":0,"k":0,"ix":6},"o":{"a":0,"k":100,"ix":7},"sk":{"a":0,"k":0,"ix":4},"sa":{"a":0,"k":0,"ix":5},"nm":"Transform"}],"nm":"Group 1","np":2,"cix":2,"bm":0,"ix":1,"mn":"ADBE Vector Group","hd":false}],"ip":0,"op":182.000185139974,"st":0,"bm":0}]}],"layers":[{"ddd":0,"ind":1,"ty":0,"nm":"Corona Virus ","refId":"comp_0","sr":1,"ks":{"o":{"a":0,"k":100,"ix":11},"r":{"a":1,"k":[{"i":{"x":[0.833],"y":[0.833]},"o":{"x":[0.167],"y":[0.167]},"t":0,"s":[0]},{"t":180.000183105469,"s":[-360]}],"ix":10},"p":{"a":0,"k":[400,300,0],"ix":2},"a":{"a":0,"k":[400,300,0],"ix":1},"s":{"a":0,"k":[145,145,100],"ix":6}},"ao":0,"w":800,"h":600,"ip":0,"op":181.000184122721,"st":0,"bm":0}],"markers":[]}